<keymap version="1" name="VSCode Paulo" parent="VSCode">
  <action id="AceAction">
    <keyboard-shortcut first-keystroke="ctrl semicolon" />
    <keyboard-shortcut first-keystroke="ctrl escape" />
  </action>
  <action id="ActivateProjectToolWindow">
    <keyboard-shortcut first-keystroke="shift ctrl l" />
  </action>
  <action id="ActivateTerminalToolWindow">
    <keyboard-shortcut first-keystroke="ctrl back_quote" />
    <keyboard-shortcut first-keystroke="f11" />
  </action>
  <action id="EmmetNextEditPoint" />
  <action id="EmmetPreview">
    <keyboard-shortcut first-keystroke="shift ctrl e" />
  </action>
  <action id="FocusEditor">
    <keyboard-shortcut first-keystroke="escape" />
    <keyboard-shortcut first-keystroke="shift ctrl k" />
  </action>
  <action id="GotoNextError">
    <keyboard-shortcut first-keystroke="alt close_bracket" />
  </action>
  <action id="GotoPreviousError">
    <keyboard-shortcut first-keystroke="alt open_bracket" />
  </action>
  <action id="JumpToLastWindow">
    <keyboard-shortcut first-keystroke="shift ctrl j" />
  </action>
  <action id="ShowErrorDescription">
    <keyboard-shortcut first-keystroke="shift alt close_bracket" />
  </action>
  <action id="ShowNextInlineCompletionAction" />
  <action id="ShowPreviousInlineCompletionAction" />
</keymap>